band_center_Hz,micro_pa,mems_pa,micro_channel,mems_channel,file_number
1.5874010519681996,0.009779786360734006,0.00029785468587745895,3,124,4
2.5198420997897464,0.008085516666605215,0.0003849231416460148,3,124,4
3.174802103936399,0.004825540626415742,0.0004815755546595864,3,124,4
5.039684199579493,0.0020661401931562243,0.0007395302344497688,3,124,4
6.349604207872798,0.0010666854339097262,0.0006223299696975816,3,124,4
8.0,0.0010700439748466057,0.0008451768247085182,3,124,4
10.079368399158986,0.001020625020077255,0.0007633966202601494,3,124,4
12.699208415745597,0.0014672133917980857,0.0009962533431490358,3,124,4
16.0,0.005510262599006186,0.00139715897178667,3,124,4
20.15873679831797,0.020082282576112626,0.005994356127748731,3,124,4
25.398416831491193,0.052731540236423874,0.023240127707953258,3,124,4
32.0,0.05847447885043731,0.02924749434677792,3,124,4
40.31747359663594,0.016943972617373366,0.010152857429551198,3,124,4
50.79683366298239,0.0434500142292757,0.03370392060906462,3,124,4
64.0,0.05371248781539229,0.0454128428105987,3,124,4
80.63494719327188,0.07073900973980526,0.06397603276915931,3,124,4
101.59366732596477,0.04197407602885189,0.03799736314842919,3,124,4
128.0,0.03136368320707091,0.029976793872412383,3,124,4
161.26989438654377,0.07647581153399097,0.07277363219914494,3,124,4
203.18733465192955,0.05738459112670621,0.05823890373133714,3,124,4
256.0,0.04274741997687231,0.04258725952204665,3,124,4
322.53978877308754,0.024893425646511515,0.025198224966164456,3,124,4
406.3746693038591,0.04998522039004227,0.04694138224130976,3,124,4
512.0,0.1259290352708226,0.12308366858171557,3,124,4
645.0795775461751,0.13020165733705252,0.1284891582521982,3,124,4
812.7493386077182,0.06654577748810656,0.068923342256035,3,124,4
1024.0,0.11669873186364893,0.11223246486002517,3,124,4
1290.1591550923501,0.16788302254812607,0.1617126492347845,3,124,4
1625.4986772154364,0.16482274401801786,0.16414062420431,3,124,4
2048.0,0.16923848882235787,0.17788014780955302,3,124,4
2580.3183101847003,0.24963980712284492,0.25937737482204415,3,124,4
3250.9973544308727,0.39355656337034634,0.44432894800370304,3,124,4
4096.0,0.45459255113371566,0.5277899703003754,3,124,4
5160.636620369401,0.35443829101084506,0.4658188189968263,3,124,4
6501.9947088617455,0.25849580866622895,0.3555881280941688,3,124,4
8192.0,0.2925358830394677,0.4385311479789357,3,124,4
10321.273240738801,0.21234815970350118,0.43460092916103443,3,124,4
13003.989417723491,0.176673628757881,0.8456714081250598,3,124,4
16384.0,0.13280137268492276,1.3749105565884534,3,124,4
20642.546481477602,0.04366365351384223,1.6203334759048913,3,124,4
1.5874010519681996,0.004518732256056113,0.00023466262403970737,4,172,4
2.5198420997897464,0.004563293406767228,0.0003070584988613888,4,172,4
3.174802103936399,0.0031342381859498143,0.00044797577124331046,4,172,4
5.039684199579493,0.00158594329908053,0.0006970091498185863,4,172,4
6.349604207872798,0.0009217473689895838,0.00046806581102536176,4,172,4
8.0,0.0009223737805130586,0.000678410487967192,4,172,4
10.079368399158986,0.0009901915603943259,0.0008858896436662448,4,172,4
12.699208415745597,0.001385474195239243,0.0010478292728705073,4,172,4
16.0,0.004716006196967524,0.0012842831386801132,4,172,4
20.15873679831797,0.014894185739301524,0.0044156052146927345,4,172,4
25.398416831491193,0.02566848902258271,0.010850698815486615,4,172,4
32.0,0.023405904942786198,0.01214240974374922,4,172,4
40.31747359663594,0.02883675640873356,0.018440674881290496,4,172,4
50.79683366298239,0.05608417918966464,0.04217853904747769,4,172,4
64.0,0.0447253281316435,0.03671900443717484,4,172,4
80.63494719327188,0.04863180427991779,0.04235984243896922,4,172,4
101.59366732596477,0.06457236071781165,0.05690684461923463,4,172,4
128.0,0.0753687457675809,0.07262602537517655,4,172,4
161.26989438654377,0.09186898777976889,0.08799778989885532,4,172,4
203.18733465192955,0.06161176247486028,0.06182223062119262,4,172,4
256.0,0.060175610324563825,0.05940821384577509,4,172,4
322.53978877308754,0.060082596858510216,0.060219687614772345,4,172,4
406.3746693038591,0.09775533458650544,0.09412596246323245,4,172,4
512.0,0.12908054440250305,0.12780096011402212,4,172,4
645.0795775461751,0.09549625021359816,0.09578624393100128,4,172,4
812.7493386077182,0.12686763732406328,0.11999576837661817,4,172,4
1024.0,0.15334158066554443,0.1543268061266325,4,172,4
1290.1591550923501,0.13680432869829395,0.1309704688806122,4,172,4
1625.4986772154364,0.17252494494076823,0.18364253091289312,4,172,4
2048.0,0.16303304537185834,0.1727052711953546,4,172,4
2580.3183101847003,0.20737147107068124,0.22177338816151923,4,172,4
3250.9973544308727,0.25523694882024917,0.27008694757373747,4,172,4
4096.0,0.19486611488588862,0.20854110059006892,4,172,4
5160.636620369401,0.20990519045976969,0.25731252296289897,4,172,4
6501.9947088617455,0.18499737778592637,0.28085741272186604,4,172,4
8192.0,0.2356005166435549,0.41629189339074085,4,172,4
10321.273240738801,0.20977339971106415,0.39833301027648754,4,172,4
13003.989417723491,0.14816373915304704,0.462382366736079,4,172,4
16384.0,0.07434723756723062,0.6389880801086643,4,172,4
20642.546481477602,0.031775551911804395,1.0330925740869796,4,172,4
1.5874010519681996,0.008763714419883193,0.0002665005957606521,5,28,4
2.5198420997897464,0.0072951770150160725,0.0002478818278427667,5,28,4
3.174802103936399,0.004391298713577128,0.00039073387033830266,5,28,4
5.039684199579493,0.001898976200324138,0.0009440058793337894,5,28,4
6.349604207872798,0.0009772925019959113,0.0006232668207073151,5,28,4
8.0,0.0009766464326787783,0.0007900948626176365,5,28,4
10.079368399158986,0.0010139984977756075,0.0008015044859974392,5,28,4
12.699208415745597,0.0013144179360033868,0.0011490135202372918,5,28,4
16.0,0.003744932635239467,0.0013704190218275728,5,28,4
20.15873679831797,0.008491577296453586,0.0027130891182798617,5,28,4
25.398416831491193,0.022938513202110416,0.010099965195651936,5,28,4
32.0,0.06278059879985347,0.03593270353434554,5,28,4
40.31747359663594,0.06989927584894881,0.04557444289930552,5,28,4
50.79683366298239,0.1209335991410988,0.09253696403051967,5,28,4
64.0,0.10403699336638705,0.08783300936593438,5,28,4
80.63494719327188,0.13074753529327948,0.11633759576786529,5,28,4
101.59366732596477,0.12829382434418435,0.11501574164126006,5,28,4
128.0,0.05630633683384449,0.05681640463508733,5,28,4
161.26989438654377,0.06392510186390662,0.06062825563121311,5,28,4
203.18733465192955,0.05397562334177835,0.05054573611485986,5,28,4
256.0,0.10433350995508918,0.10012506878574103,5,28,4
322.53978877308754,0.11215974116722562,0.11124277704119749,5,28,4
406.3746693038591,0.1410683123918827,0.13843155126372136,5,28,4
512.0,0.15650223133233074,0.16631287723603588,5,28,4
645.0795775461751,0.10239940936770628,0.11038897911278216,5,28,4
812.7493386077182,0.1578894378315355,0.1645755989594062,5,28,4
1024.0,0.13758511087867728,0.13571466057967657,5,28,4
1290.1591550923501,0.14864701806470224,0.14546692140892953,5,28,4
1625.4986772154364,0.2430308856395472,0.26028555231868183,5,28,4
2048.0,0.2107112429582654,0.2232019604848678,5,28,4
2580.3183101847003,0.21778441287344696,0.24976509954152956,5,28,4
3250.9973544308727,0.32012508479210766,0.3497877999858666,5,28,4
4096.0,0.37093938337514537,0.4254000774153102,5,28,4
5160.636620369401,0.2400924883352051,0.30041303894568744,5,28,4
6501.9947088617455,0.13579224273125795,0.17343817674654524,5,28,4
8192.0,0.18515403118962206,0.3762334132375316,5,28,4
10321.273240738801,0.13734484084130083,0.30008545721584584,5,28,4
13003.989417723491,0.11453953980396757,0.41357592836722856,5,28,4
16384.0,0.0765147274116094,0.6098794936614519,5,28,4
20642.546481477602,0.04587477331456446,0.9559531734973942,5,28,4
1.5874010519681996,0.004207578927924008,0.0002532709503909101,6,76,4
2.5198420997897464,0.004418153068408978,0.00025787454497337736,6,76,4
3.174802103936399,0.0030922754210022277,0.0004217169812940861,6,76,4
5.039684199579493,0.0016132298359535628,0.0009094603509557677,6,76,4
6.349604207872798,0.0009033545518535767,0.0006599289217054063,6,76,4
8.0,0.0009185983845878122,0.0008133540655144071,6,76,4
10.079368399158986,0.001005005511181711,0.0009097014047436614,6,76,4
12.699208415745597,0.0013635202094150758,0.0009548328576473545,6,76,4
16.0,0.004583600790391951,0.0012280073108382095,6,76,4
20.15873679831797,0.013881645684066699,0.0037359254567707594,6,76,4
25.398416831491193,0.02351502688595327,0.009793024344593865,6,76,4
32.0,0.01963471711158013,0.010053955489255537,6,76,4
40.31747359663594,0.04954126628577338,0.03240320359507314,6,76,4
50.79683366298239,0.14051606001629108,0.10190900739640431,6,76,4
64.0,0.16850468797989357,0.13448223478797428,6,76,4
80.63494719327188,0.1452658293398029,0.12519251951625682,6,76,4
101.59366732596477,0.059359509460566034,0.05189006905408321,6,76,4
128.0,0.10385852817225408,0.09884406565428407,6,76,4
161.26989438654377,0.13688703060733137,0.12772507188768698,6,76,4
203.18733465192955,0.07899842310994556,0.07657097881916695,6,76,4
256.0,0.06989830147356701,0.06878879748104717,6,76,4
322.53978877308754,0.06584303113368785,0.06567310939151637,6,76,4
406.3746693038591,0.051328071298222616,0.04577559661077381,6,76,4
512.0,0.08967560307372416,0.08527729823808385,6,76,4
645.0795775461751,0.10381015264652711,0.09937153270043017,6,76,4
812.7493386077182,0.0993896651362371,0.10070758759604587,6,76,4
1024.0,0.056287597192754675,0.05813522250374608,6,76,4
1290.1591550923501,0.17224839439071654,0.15898385456640046,6,76,4
1625.4986772154364,0.16960849797688438,0.1842731616945099,6,76,4
2048.0,0.18206791383359083,0.17756038898897433,6,76,4
2580.3183101847003,0.29414317381116845,0.3062699526235599,6,76,4
3250.9973544308727,0.33169441726084,0.38590845140198876,6,76,4
4096.0,0.3999625029027096,0.4087867860933356,6,76,4
5160.636620369401,0.2568833615601773,0.3153385797938204,6,76,4
6501.9947088617455,0.20205986172588644,0.24699866167095957,6,76,4
8192.0,0.2687759592086933,0.4333137687903049,6,76,4
10321.273240738801,0.17741036881687222,0.4042279788132218,6,76,4
13003.989417723491,0.17509217901273538,0.4364423139736598,6,76,4
16384.0,0.12660742474587794,1.0028617429184103,6,76,4
20642.546481477602,0.05672733630318976,1.2870895307232382,6,76,4
