X;Y;Z
0.255;0;1.455
0.425;0;1.455
0.595;0;1.45
0.765;0;1.45
0.935;0;1.45
1.105;0;1.45
1.275;0;1.455
1.445;0;1.455
0.275;0;1.28
0.445;0;1.28
0.615;0;1.275
0.785;0;1.275
0.955;0;1.275
1.125;0;1.275
1.295;0;1.28
1.465;0;1.28
0.265;0;0.99
0.435;0;0.99
0.605;0;0.99
0.775;0;0.99
0.945;0;0.99
1.115;0;0.99
1.285;0;0.99
1.455;0;0.99
0.265;0;0.73
0.435;0;0.73
0.605;0;0.73
0.775;0;0.73
0.945;0;0.73
1.115;0;0.73
1.285;0;0.73
1.455;0;0.73
0.282;0;0.51
0.452;0;0.51
0.622;0;0.51
0.792;0;0.51
0.962;0;0.51
1.132;0;0.51
1.302;0;0.51
1.472;0;0.51
0.267;0;0.085
0.437;0;0.085
0.607;0;0.085
0.777;0;0.085
0.947;0;0.085
1.117;0;0.085
1.287;0;0.085
1.457;0;0.085
0;1.28;1.325
0;1.11;1.325
0;0.94;1.325
0;0.77;1.325
0;0.6;1.325
0;0.43;1.325
0;0.26;1.325
0;0.09;1.325
0;1.274;1.0925
0;1.104;1.0925
0;0.934;1.0925
0;0.764;1.0925
0;0.594;1.0925
0;0.424;1.0925
0;0.254;1.0925
0;0.084;1.0925
0;1.275;0.875
0;1.105;0.875
0;0.935;0.875
0;0.765;0.875
0;0.595;0.875
0;0.425;0.875
0;0.255;0.875
0;0.085;0.875
0;1.276;0.5725
0;1.106;0.5725
0;0.936;0.5725
0;0.766;0.5725
0;0.596;0.5725
0;0.426;0.5725
0;0.256;0.5725
0;0.086;0.5725
0;1.28;0.32
0;1.11;0.32
0;0.94;0.32
0;0.77;0.32
0;0.6;0.32
0;0.43;0.32
0;0.26;0.32
0;0.09;0.32
0;1.282;0.0925
0;1.112;0.0925
0;0.942;0.0925
0;0.772;0.0925
0;0.602;0.0925
0;0.432;0.0925
0;0.262;0.0925
0;0.092;0.0925
0.27;1.54;1.42
0.44;1.54;1.42
0.61;1.54;1.42
0.78;1.54;1.42
0.95;1.54;1.42
1.12;1.54;1.42
1.29;1.54;1.42
1.46;1.54;1.42
0.262;1.54;1.195
0.432;1.54;1.195
0.602;1.54;1.195
0.772;1.54;1.195
0.942;1.54;1.195
1.112;1.54;1.195
1.282;1.54;1.195
1.452;1.54;1.195
0.265;1.54;0.97
0.435;1.54;0.97
0.605;1.54;0.97
0.775;1.54;0.97
0.945;1.54;0.97
1.115;1.54;0.97
1.285;1.54;0.97
1.455;1.54;0.97
0.265;1.54;0.72
0.435;1.54;0.72
0.605;1.54;0.72
0.775;1.54;0.72
0.945;1.54;0.72
1.115;1.54;0.72
1.285;1.54;0.72
1.455;1.54;0.72
0.263;1.54;0.38
0.433;1.54;0.38
0.603;1.54;0.38
0.773;1.54;0.38
0.943;1.54;0.38
1.113;1.54;0.38
1.283;1.54;0.38
1.453;1.54;0.38
0.266;1.54;0.075
0.436;1.54;0.075
0.606;1.54;0.075
0.776;1.54;0.075
0.946;1.54;0.075
1.116;1.54;0.075
1.286;1.54;0.075
1.456;1.54;0.075
1.54;1.264;1.38
1.54;1.094;1.38
1.54;0.924;1.38
1.54;0.754;1.38
1.54;0.584;1.38
1.54;0.414;1.38
1.54;0.244;1.38
1.54;0.074;1.38
1.54;1.27;1.13
1.54;1.1;1.13
1.54;0.93;1.13
1.54;0.76;1.13
1.54;0.59;1.13
1.54;0.42;1.13
1.54;0.25;1.13
1.54;0.08;1.13
1.54;1.276;0.88
1.54;1.106;0.88
1.54;0.936;0.88
1.54;0.766;0.88
1.54;0.596;0.88
1.54;0.426;0.88
1.54;0.256;0.88
1.54;0.086;0.88
1.54;1.28;0.625
1.54;1.11;0.625
1.54;0.94;0.625
1.54;0.77;0.625
1.54;0.6;0.625
1.54;0.43;0.625
1.54;0.26;0.625
1.54;0.09;0.625
1.54;1.275;0.33
1.54;1.105;0.33
1.54;0.935;0.33
1.54;0.765;0.33
1.54;0.595;0.33
1.54;0.425;0.33
1.54;0.255;0.33
1.54;0.085;0.33
1.54;1.27;0.11
1.54;1.1;0.11
1.54;0.93;0.11
1.54;0.76;0.11
1.54;0.59;0.11
1.54;0.42;0.11
1.54;0.25;0.11
1.54;0.08;0.11
1.415;1.275;1.51
1.415;1.1;1.51
1.415;0.935;1.51
1.415;0.78;1.51
1.415;0.605;1.51
1.415;0.43;1.51
1.415;0.255;1.51
1.415;0.08;1.51
1.14;1.28;1.51
1.14;1.105;1.51
1.14;0.94;1.51
1.14;0.785;1.51
1.14;0.61;1.51
1.14;0.435;1.51
1.14;0.26;1.51
1.14;0.085;1.51
0.885;1.265;1.51
0.885;1.09;1.51
0.885;0.925;1.51
0.885;0.77;1.51
0.885;0.595;1.51
0.885;0.42;1.51
0.885;0.245;1.51
0.885;0.07;1.51
0.59;1.27;1.51
0.59;1.095;1.51
0.59;0.93;1.51
0.59;0.775;1.51
0.59;0.6;1.51
0.59;0.425;1.51
0.59;0.25;1.51
0.59;0.075;1.51
0.31;1.265;1.51
0.31;1.09;1.51
0.31;0.925;1.51
0.31;0.77;1.51
0.31;0.595;1.51
0.31;0.42;1.51
0.31;0.245;1.51
0.31;0.07;1.51
0.08;1.275;1.51
0.08;1.1;1.51
0.08;0.935;1.51
0.08;0.78;1.51
0.08;0.605;1.51
0.08;0.43;1.51
0.08;0.255;1.51
0.08;0.08;1.51
